busqueda,titulo,empresa,ubicacion,url,salario,plataforma,descripcio,Fecha De Publicacion
java,Java Developer - Remote,Oracle,"M√©xico, M√©xico",https://mx.linkedin.com/jobs/view/java-developer-remote-at-oracle-2783361269?refId=u15Zftev%2BRCQhqgsh9PBQg%3D%3D&trackingId=22TqMR2MYIeBmkzqIHdylg%3D%3D&position=1&pageNum=0&trk=public_jobs_jserp-result_search-card,N/A,Linkedin,"The Construction and Engineering Global Business Unit (CEGBU) of Oracle is the world‚Äôs leading project and portfolio management software organization. Since 1983, we have provided the software foundation that enables all types of businesses to achieve excellence in managing their portfolios, programs, projects and resources. The development group in the CEGBU is focused on developing enterprise-level solutions for our customers in project- intensive industries worldwide. We leverage agile development methods to facilitate the development of our products; our practices include empowered teams, continuous build and integration, regular reviews, and a heavy emphasis on testing early and often. We offer a highly collaborative and dynamic environment, as well as a great mix of project management and software engineering opportunities.Working as part of a development team, you will be called upon to analyze problems, suggest and assess multiple alternative solutions, and develop high-quality industry leading software. Job Qualifications3+ years of experience in Java (core and EE), object-oriented design, design patternsProficient user of linux operating systemExperience in SOAP Services and REST APIsExperience with development tools such as Eclipse, GIT, jUnit, YourKit, Postman Oracle Database programming including Database design, Oracle SQL and PL/SQLNeed to have concept of micro services ‚Äì benefits, limitations, challengesFamiliarity of CI/CD and development best practices, especially around automation and testingExperience with cloud platforms, cloud technologies/deployments and cloud Native architectureExperience with docker and container management platforms (ECS, Kubernetes, etc) a plusGood english levelOracle is an Affirmative Action-Equal Employment Opportunity Employer. All qualified applicants will receive consideration for employment without regard to race, color, religion, sex, national origin, sexual orientation, gender identity, disability, protected veterans status, age, or any other characteristic protected by law.",05/11/2021
java,Software Architect,IFIT Solutions,"M√©xico, M√©xico",https://mx.linkedin.com/jobs/view/software-architect-at-ifit-solutions-2805612213?refId=u15Zftev%2BRCQhqgsh9PBQg%3D%3D&trackingId=AGWfEi%2BkVMdEmlYjXe7zWA%3D%3D&position=2&pageNum=0&trk=public_jobs_jserp-result_search-card,N/A,Linkedin,"SpecsRemoteLong Term projectHigh English Level Job Description:you'll be expected to:Be an experienced team member that transform business problems in viable projects based on agile and scalable architectureDesign solutions aligned with the business needs ‚Äì proposing tech stack, evolutive architecture and development processBe part of the value thread ‚Äì leading tech leaders to connect their results with the strategyHave practical knowledge of agile software development methodologiesDeliver testable, maintainable and high-quality code and take operational responsibility for the deliverables that you leadAssertive communication with team members and stakeholders for technical solutions.You have solid experience with software development being passionate about delivering end-to-end experiences and software architecture across the front-end, back-end, and the APIs that glue them together.You work advocating for quality code, code best-practices and a stable/productive development environment.You are experienced to communicate technical decision to non-technical stakeholdersYou are experienced to work on a mature DevOps environment with continuous integration and continuous deliveryYou are able to work with different technologies and learn every day.Framework server-side (Springboot), Java 8+, Restful APIs, Code versioning with Git, Distributed systems, Containers orchestrator, Design patterns for microservices, Rabbit, SQL, NoSQL, JavaScript Development (ES2015+), TypeScript, ReactJS, CSS, SASS, Micro frontend, Jest and enzyme, Cypress, Pact, Android (native) using Kotlin and Java, MVVM architecture, APIs consuming by Retrofit, Coroutines",19/11/2021
java,Reci√©n Egresado Java,Indra69 evaluaciones,69 evaluaciones,https://mx.indeed.com/rc/clk?jk=8ecd0e91599587a7&fccid=ae4ce2b85e1dacfa&vjs=3,N/A,Indeed,"INDRA SISTEMAS MEXICOUn lugar para ti‚Ä¶ Trae tu talento a una compa√±√≠a global de consultor√≠a y tecnolog√≠a, con presencia en los 5 continentes y m√°s de 43 mil profesionales. Trabajar√°s en un entorno de soluciones y servicios innovadores para nuestros clientes en los principales sectores de actividad, aport√°ndoles valor a√±adido. Participar√°s de la transformaci√≥n de los negocios trabajando con profesionales de referencia.Estamos en busca de un Reci√©n egresados JavaPerfil reci√©n graduado de sistemas computacionales, inform√°tica o carreras afinesConocimientos t√©cnicos indispensables Java , POOConocimientos t√©cnicos deseables. SQL, HTML, JavaScriptTrabajo en equipoInter√©s por crecimiento profesional y b√∫squeda constante de retos (personales y profesionales)Descripci√≥n de actividades a realizar en el puesto. Desarrollo de aplicaciones JAVA entre otrasContrato Nominal, prestaciones de ley y Superiores, Plan de Carrera y Plan de Capacitaci√≥n.Si cumples con el perfil por favor hazme llegar tu CV al correo mencionado o post√∫late por este medio para ponernos en contacto contigo y platicarte al respecto.",N/A
java,Ing. Tecnologias - Recien egresados - Programadores Java Trainee,MTP M√©todos y Tecnolog√≠a,"Tula, Hgo.",https://mx.indeed.com/company/MTP-M%C3%A9todos-y-Tecnolog%C3%ADa/jobs/Ingeniero-tecnologias-9610fb70b4ba9873?fccid=10c9c5d8136e068f&vjs=3,N/A,Indeed,"Somos una empresa l√≠der en Tecnolog√≠as de la Informaci√≥n con m√°s de 15 a√±os en el mercado, con presencia a nivel internacional en Espa√±a, Brasil y M√©xico.En este momento estamos en b√∫squeda de: Ingenieros en Tecnolog√≠as de la Informaci√≥n - RECIEN EGRESADOSREQUISITOS:Reci√©n egresados de Ing. Tecnolog√≠as de la informaci√≥n o carreras afinesGusto por la programaci√≥nEXPERIENCIA: No necesariaCONOCIMIENTOS:Java (b√°sico)JavascriptSQL o Mysql para consultas.Git o Github para control de versionesMetodolog√≠as agilesACTIVIDADES:Desarrollo en Java para el sector financieroDesarrollo de servicios REST /SOAPOFRECEMOS:Contrataci√≥n 100% N√≥mina.Prestaciones de Ley y superiores Seguro de vida, seguro de gastos m√©dicos mayores.Plan de carrera con cursos y certificaciones otorgadas por MTP.Env√≠anos tu CV con el asunto: Desarrollador Trainee""Los datos personales recopilados a trav√©s de Curr√≠cula, ser√°n utilizados bajo los fines establecidos en nuestro Aviso de Privacidad, mismo que se puede consultar en nuestra p√°gina de internet"".Tipo de puesto: Tiempo completo, Por contrato, IndefinidoBeneficios:Seguro de gastos m√©dicos mayoresSeguro de vidaHorario:Turno de 8 horasTrabajar desde casa:No",30/10/2021
java,L√≠der T√©cnico Java, Asteci,"Toluca, Estado de M√©xico",https://www.computrabajo.com.mx/ofertas-de-trabajo/oferta-de-trabajo-de-lider-tecnico-java-en-toluca-5D0066B747441B2761373E686DCF3405,"$ 40.000,00 (Mensual)",CompuTrabajo,"Descripci√≥nAsTecI, Importante empresa mexicana enfocada al mercado de TI se encuentra en b√∫squeda de L√≠der T√©cnico JavaConocimientos en:‚Ä¢	Java‚Ä¢	Linux/ Unix‚Ä¢	Agile SAFe‚Ä¢	DevOps‚Ä¢	Jira‚Ä¢	Confluence ‚Ä¢	Ingl√©s Intermedio- AvanzadoPara participar requieres:‚Ä¢	Ingenier√≠a en Sistemas, Computaci√≥n, Inform√°tica o a fin.‚Ä¢	Experiencia en el sector Bancario‚Ä¢	Disponibilidad para radicar en Toluca o CDMXOfrecemos:‚Ä¢	Salario competitivo de acuerdo con aptitudes, en esquema 100% nomina.‚Ä¢	Apoyo de hospedaje a candidatos for√°neos‚Ä¢	Prestaciones de Ley.‚Ä¢	Excelente ambiente de trabajo y oportunidades de crecimiento y desarrollo.¬°RECUERDA!Si deseas participar, post√∫late por este medio o env√≠anos tu CV al correo de contacto ¬°√âxito!RequerimientosEducaci√≥n m√≠nima: Educaci√≥n superior - LicenciaturaDisponibilidad de viajar: NoDisponibilidad de cambio de residencia: NoPersonas con discapacidad: S√≠PostularmeDenunciar empleo",N/A
java,Desarrollador java, Truper Servicios S.A. de C.V.,"Miguel Hidalgo, Ciudad de M√©xico DF",https://www.computrabajo.com.mx/ofertas-de-trabajo/oferta-de-trabajo-de-desarrollador-java-en-miguel-hidalgo-E4B48D1EDF298F3461373E686DCF3405,"$ 30.000,00 (Mensual)",CompuTrabajo,"Descripci√≥nSomos la empresa m√°s reconocida en Latinoam√©rica en manufactura, distribuci√≥n y comercializaci√≥n de herramientas y productos para todos los segmentos de la industria ferretera. Nuestro cat√°logo est√° en constante crecimiento, y hasta ahora incluye m√°s de 11,000 productos.Por crecimiento estamos solicitando:Desarrollador JavaRequisitos:Ing. en sistemas computacionales o af√≠nExperiencia de 4 a√±os en desarrollo con java 6, 7 y 8Manejo de bases de datos SQL y NoSQLExperiencia con spring framework / spring bootDeseable experiencia trabajando con microservicios. Jenkins, dockersOfrecemos:Contrataci√≥n directa con la empresaEsquema 100% n√≥minaPrestaciones de ley y superioresCrecimiento sostenidoInteresados enviar CV actualizado a la direcci√≥n de correo electr√≥nico mencionado, colocando pretensi√≥n econ√≥mica. RequerimientosEducaci√≥n m√≠nima: Educaci√≥n superior - Licenciatura4 a√±os de experienciaDisponibilidad de viajar: NoDisponibilidad de cambio de residencia: NoPostularmePara ver datos de contacto env√≠a tu cvDenunciar empleo",19/11/2021
php,Pessoa Desenvolvedora PHP - J√∫nior | PAYMENTS PF,PicPay,United States,https://www.linkedin.com/jobs/view/pessoa-desenvolvedora-php-j%C3%BAnior-payments-pf-at-picpay-2790661976?refId=P%2Fsd24HkLmRmDBG3PeHeww%3D%3D&trackingId=NB%2BCSlUWc0oWeCSl4F%2Byaw%3D%3D&position=1&pageNum=0&trk=public_jobs_jserp-result_search-card,N/A,Linkedin,"JOB DESCRIPTIONDESCRI√á√ÉO DA VAGAO PicPay quer mudar a maneira de como lidamos com o dinheiro, tanto pessoal quanto profissionalmente. Somos uma plataforma de pagamentos criada para quebrar barreiras e eliminar burocracias. Sendo assim, n√≥s existimos para melhorar a vida das pessoas e s√≥ conseguimos fazer isso porque temos um time fant√°stico aqui dentro!Contamos com uma equipe de mais de 3000 PicPay Lovers - engenheiros, desenvolvedores, profissionais de marketing, designers, criadores, nerds loucos e mais um punhado de profissionais sonhadores que dedicam suas horas desafiando as regras de tempo x prop√≥sito.Buscamos pessoas que sejam apaixonadas por construir aplica√ß√µes distribu√≠das e de alta performance, escal√°veis para milh√µes de novos usu√°rios em todo o mundo e que suportem a melhor experi√™ncia de pagamentos. Somos um dos melhores lugares para se trabalhar no Brasil (pelo menos as nossas pessoas acham isso)!Manda bem nos requisitos abaixo? Ent√£o essa vaga √© pra voc√™! (:Junte-se ao lado verde da for√ßa!MAIN RESPONSIBILITIESConstruir solu√ß√µes com padr√µes de qualidade de c√≥digoCriar funcionalidades pensando na performance e seguran√ßaManter documenta√ß√µes dos servi√ßosREQUIREMENTS AND SKILLSExperi√™ncia com as seguintes ferramentas:PHP 7.*;Armazenamento de dados em MySQL (ou outros bancos relacionais) ou MongoDB (ou outros bancos n√£o relacionais);Desenvolvimento orientado a testes;Versionamento de c√≥digos utilizando Git.Ser√° um diferencial se tiver experi√™ncia com:Design e desenvolvimento de micro servi√ßos horizontalmente escal√°veis;Additional informationDevem atuar nas novas squads de PAYMENTS.Nossa miss√£o √© deixar a vida das pessoas mais f√°cil todos os dias, e voc√™ pode fazer parte disso! üöÄFundado em Vit√≥ria (ES) em 2012, o PicPay √© uma empresa de tecnologia que nasceu para tornar a vida financeira mais f√°cil ao reinventar a forma como as pessoas lidam com dinheiro, fazem compras e se comunicam. Em 2015, a empresa foi investida pelo grupo J&F, um dos maiores conglomerados empresariais do Brasil.Atualmente, como o super app brasileiro com maior n√∫mero de usu√°rios ‚Äî 60 milh√µes ‚Äî, o PicPay busca oferecer produtos e servi√ßos para todos os momentos do dia a dia dos clientes, combinando os benef√≠cios de cinco frentes em uma √∫nica plataforma: social, carteira digital, marketplace financeiro, PicPay Store e an√∫ncios.Nossa cultura √© nosso filtro! Nossos valores, s√£o nossos guias para tomada de decis√µes. S√£o eles: Atitude de Dono, Disciplina, Determina√ß√£o, Disponibilidade, Simplicidade, Humildade e Franqueza.Nossas cren√ßas!Somos uma equipe diversa conectada pelos mesmos valores, e para cumprirmos essa miss√£o, acreditamos que a diversidade √© fundamental nessa jornada. O respeito, a √©tica, a busca pela equidade e a valoriza√ß√£o da pluralidade s√£o elementos inegoci√°veis e fazem parte da pr√°tica do nosso dia a dia aqui no PicPay.Nossos grupos de afinidades como o Afro (pessoas pretas), Inclui (pessoas com defici√™ncia), Pride (LGBTQIA+) e Elas Que Lutem Juntas (mulheres), desenvolvem projetos e treinamentos recorrentes, al√©m de a√ß√µes estruturantes para que nosso ambiente tenha mais seguran√ßa e inclus√£o.Por isso, nossas vagas est√£o abertas para todas as pessoas, independente de g√™nero, religi√£o, etnia, defici√™ncia, idade, orienta√ß√£o sexual ou qualquer outro fator.E o mais importante! Nossa equipe √© apaixonada pelo que faz, por isso somos PicPay Lovers. Vem fazer parte dessa jornada! üíöBenef√≠cios para os PicPay Lovers: Sa√∫de e Bem-estar: Al√©m de Assist√™ncia M√©dica e Odontol√≥gica, oferecemos Seguro de Vida e o PicPay Acolhe, um programa que cuida de voc√™ e seus familiares, com apoio jur√≠dico, social, psicol√≥gico e financeiro. E claro, n√£o podemos esquecer da nossa parceria com a Gympass.Somos flex√≠veis:Por meio de um cart√£o de cr√©dito, bandeira Visa, voc√™ recebe seu saldo de Alimenta√ß√£o ou Refei√ß√£o e Mobilidade, com a op√ß√£o de escolher o melhor uso do seu saldo.Estamos crescendo: Nosso modelo de trabalho √© h√≠brido, ou seja, permite aos PicPay Lovers que atuem de forma presencial e remota.Licen√ßa Paternidade e Maternidade: Sabemos que esse √© um momento especial para uma fam√≠lia, e por isso oferecemos Licen√ßa Maternidade estendida de 6 meses, e de Paternidade tamb√©m estendida de 20 dias.Reconhecemos resultados: PPR - Participa√ß√£o nos Resultados do PicPay.Quer conhecer mais um pouco e estar sempre conectado com o PicPay? Acompanhe nossas redes sociais. üåé WebsiteLinkedInFacebookInstagramGlassdoor",N/A
php,Pessoa Desenvolvedora PHP J√∫nior | PAYMENTS PF,PicPay,United States,https://www.linkedin.com/jobs/view/pessoa-desenvolvedora-php-j%C3%BAnior-payments-pf-at-picpay-2790664822?refId=P%2Fsd24HkLmRmDBG3PeHeww%3D%3D&trackingId=Z7FaCSkeQ8wH%2FSh7HC0SXA%3D%3D&position=2&pageNum=0&trk=public_jobs_jserp-result_search-card,N/A,Linkedin,"JOB DESCRIPTIONDESCRI√á√ÉO DA VAGAO PicPay quer mudar a maneira de como lidamos com o dinheiro, tanto pessoal quanto profissionalmente. Somos uma plataforma de pagamentos criada para quebrar barreiras e eliminar burocracias. Sendo assim, n√≥s existimos para melhorar a vida das pessoas e s√≥ conseguimos fazer isso porque temos um time fant√°stico aqui dentro!Contamos com uma equipe de mais de 3000 PicPay Lovers - engenheiros, desenvolvedores, profissionais de marketing, designers, criadores, nerds loucos e mais um punhado de profissionais sonhadores que dedicam suas horas desafiando as regras de tempo x prop√≥sito.Buscamos pessoas que sejam apaixonadas por construir aplica√ß√µes distribu√≠das e de alta performance, escal√°veis para milh√µes de novos usu√°rios em todo o mundo e que suportem a melhor experi√™ncia de pagamentos. Somos um dos melhores lugares para se trabalhar no Brasil (pelo menos as nossas pessoas acham isso)!Manda bem nos requisitos abaixo? Ent√£o essa vaga √© pra voc√™! (:Junte-se ao lado verde da for√ßa!MAIN RESPONSIBILITIESConstruir solu√ß√µes com padr√µes de qualidade de c√≥digoCriar funcionalidades pensando na performance e seguran√ßaManter documenta√ß√µes dos servi√ßosREQUIREMENTS AND SKILLSExperi√™ncia com as seguintes ferramentas:PHP 7.*;Armazenamento de dados em MySQL (ou outros bancos relacionais) ou MongoDB (ou outros bancos n√£o relacionais);Desenvolvimento orientado a testes;Versionamento de c√≥digos utilizando Git.Ser√° um diferencial se tiver experi√™ncia com:Design e desenvolvimento de micro servi√ßos horizontalmente escal√°veis;Additional informationDevem atuar nas novas squads de PAYMENTS.Nossa miss√£o √© deixar a vida das pessoas mais f√°cil todos os dias, e voc√™ pode fazer parte disso! üöÄFundado em Vit√≥ria (ES) em 2012, o PicPay √© uma empresa de tecnologia que nasceu para tornar a vida financeira mais f√°cil ao reinventar a forma como as pessoas lidam com dinheiro, fazem compras e se comunicam. Em 2015, a empresa foi investida pelo grupo J&F, um dos maiores conglomerados empresariais do Brasil.Atualmente, como o super app brasileiro com maior n√∫mero de usu√°rios ‚Äî 60 milh√µes ‚Äî, o PicPay busca oferecer produtos e servi√ßos para todos os momentos do dia a dia dos clientes, combinando os benef√≠cios de cinco frentes em uma √∫nica plataforma: social, carteira digital, marketplace financeiro, PicPay Store e an√∫ncios.Nossa cultura √© nosso filtro! Nossos valores, s√£o nossos guias para tomada de decis√µes. S√£o eles: Atitude de Dono, Disciplina, Determina√ß√£o, Disponibilidade, Simplicidade, Humildade e Franqueza.Nossas cren√ßas!Somos uma equipe diversa conectada pelos mesmos valores, e para cumprirmos essa miss√£o, acreditamos que a diversidade √© fundamental nessa jornada. O respeito, a √©tica, a busca pela equidade e a valoriza√ß√£o da pluralidade s√£o elementos inegoci√°veis e fazem parte da pr√°tica do nosso dia a dia aqui no PicPay.Nossos grupos de afinidades como o Afro (pessoas pretas), Inclui (pessoas com defici√™ncia), Pride (LGBTQIA+) e Elas Que Lutem Juntas (mulheres), desenvolvem projetos e treinamentos recorrentes, al√©m de a√ß√µes estruturantes para que nosso ambiente tenha mais seguran√ßa e inclus√£o.Por isso, nossas vagas est√£o abertas para todas as pessoas, independente de g√™nero, religi√£o, etnia, defici√™ncia, idade, orienta√ß√£o sexual ou qualquer outro fator.E o mais importante! Nossa equipe √© apaixonada pelo que faz, por isso somos PicPay Lovers. Vem fazer parte dessa jornada! üíöBenef√≠cios para os PicPay Lovers: Sa√∫de e Bem-estar: Al√©m de Assist√™ncia M√©dica e Odontol√≥gica, oferecemos Seguro de Vida e o PicPay Acolhe, um programa que cuida de voc√™ e seus familiares, com apoio jur√≠dico, social, psicol√≥gico e financeiro. E claro, n√£o podemos esquecer da nossa parceria com a Gympass.Somos flex√≠veis:Por meio de um cart√£o de cr√©dito, bandeira Visa, voc√™ recebe seu saldo de Alimenta√ß√£o ou Refei√ß√£o e Mobilidade, com a op√ß√£o de escolher o melhor uso do seu saldo.Estamos crescendo: Nosso modelo de trabalho √© h√≠brido, ou seja, permite aos PicPay Lovers que atuem de forma presencial e remota.Licen√ßa Paternidade e Maternidade: Sabemos que esse √© um momento especial para uma fam√≠lia, e por isso oferecemos Licen√ßa Maternidade estendida de 6 meses, e de Paternidade tamb√©m estendida de 20 dias.Reconhecemos resultados: PPR - Participa√ß√£o nos Resultados do PicPay.Quer conhecer mais um pouco e estar sempre conectado com o PicPay? Acompanhe nossas redes sociais. üåé WebsiteLinkedInFacebookInstagramGlassdoor",N/A
php,Desarrollador Web PHP,El Cactus Feliz,"Zapopan, Jal.",https://mx.indeed.com/pagead/clk?mo=r&ad=-6NYlbfkN0CTYEaW7FN_1NVPRZd1WF92sqzaQXVaJvYH-vLvilMFOwkmkhjRNOv9g51z3ZX5v2MW1JfON3OKXvMnZr9rbd8EnhPfEHzgpz6p-2fc8WSukbBMPjj0oRnKduLmNtItyxpcktT-rP62KIHX0KRfs939BrkDASc6ddpm4mH4nQmw1IDxJq0il-Mjb73bXgocLXMkfewulvEuk8HwggFSLKLW4w3rmlqrprz4QlsbbdBUEr6t7g2tbu4sOMAPMkdPZSVOBjRbHQzwqHZfPaau5X4zUax8Rr0VV8kX8zOhz0Fp02uFqzjYVGEUWRCQ9Y1q49dA8eNpuCcjmEho3HAlpGSieK5nlkixCByrEjHdPAJzLUI9dJ3WQp6ocIGEWAhgpNnUSnyBUVMQZC2pkHd5ll4zJnqI3ho80L5UcPZk5Y9ryCD7MTqxoPu4Xdll2h_DJ7Mb-oPJnah4iJeWcLtfxBPfjKhimEjDbUA=&p=0&fvj=1&vjs=3,"$25,000 - $30,000 al mes",Indeed,"¬°WE ARE HIRING IN OUR WEBSITE PHP DEVELOPMENT DEPARTMENT!We are a Mexican Company with international presence and a leader in its field. We invite you to be a part of our team.Our company has been successfully operating in business for 15 years with continual growth. We are in the process of building a new facility in a state-of-the-art building. You will be on the starting team at this facility and will work directly with the owner and top managers creating the systems and processes for a 200+ employee factory. We only hire fun motivated and happy people because that is the environment, we want to work in. This will be the best job you ever had!We are in search of talented, experienced, responsible, and self-driven individuals who work directly with the company owner and senior management to help develop our retail and internal sites. This would be a long term permanent position.Requirements:PHPEnglish (conversational)Live in or relocating to Guadalajara.De preferencia: Programador principal con experiencia en una plataforma de ventas al por menor *OpenCart*.Nuestra compa√±√≠a tiene 15 a√±os y es la n√∫mero uno en el ramo. Nos encontramos en el proceso de la construcci√≥n de nuestra nueva f√°brica en un edificio con lo √∫ltimo en tecnolog√≠a.Job Types: Full-time, PermanentSalary: $25,000.00 - $30,000.00 per monthFecha de inicio prevista: 15/11/2021Job Types: Full-time, PermanentSalary: $25,000.00 - $30,000.00 per monthExperience:PHP: 1 year (Required)Language:english (Required)Work Remotely:No",25/10/2021
php,Ingeniero de Infraestructura,Territorium,Desde casa,https://mx.indeed.com/pagead/clk?mo=r&ad=-6NYlbfkN0D66zHgQlRoBtjoXSGcBNwYZH114u-kyY-he6VbD0R0ULOdQPcMH__izTXf1prtLfyT42inICAWguM_lZ4c2L-E8a_yXEMH2c5cSmlFIhdCvLRFYwWRJ59lWMg2Nx39ktOGavsGhRbdIRrroFGb27SH5mnIXJSNfT1IMhpatvNROH6bYwce53_V8wOsFgH_XBmUCBiS_RroE2AmiuIRGHr9UB7zxZWumI0ZYy3BVoX4b1jj3ZqoT2mhVatf61_MWeOx2pO9s-Auhyi8YKv7AfuBarQuEnxSImtg63NyM0r1E0Pms4nfcUcnshuxk-blgVVkZ4JsVULwsKdDsWZaiBNJx2iGiypkqIU6vJIk-GafmMWZcImvDWPqapI5W7H0U3xJqo-kHrjH_mOg_2-lg1CfWfNjQj-wxKmr4NctfnSMG2fjDBGRJORIsb4BEc-inlt4nQNVJezYW2Du8TIrS-YyoBCK1O5ZheQ=&p=1&fvj=1&vjs=3,"$16,000 - $20,000 al mes",Indeed,"¬øA qui√©nes buscamos?Tenemos en mente personas que sientan verdadera pasi√≥n por la tecnolog√≠a, que se atrevan a sugerir e innovar, que procuren su crecimiento tanto personal como profesional y en quienes podamos depositar nuestra confianza al sumarse a un equipo leal al prop√≥sito de la organizaci√≥n.Que posean conocimientos t√©cnicos en: Conocimiento de sistemas operativos (Linux y Windows)Manejo de la consola de linux para realizar tareas administrativas y de mantenimiento en servidores.Bases de datos (principalmente MySQL)Docker, Habilidad de ScriptingConocimiento de programaci√≥n (de preferencia php , laravel , etc)Tipo de puesto: Tiempo completo, Temporal, IndefinidoSalario: $16,000.00 - $20,000.00 al mesBeneficios:Horarios flexiblesOpci√≥n a contrato indefinidoSeguro de gastos m√©dicos mayoresTrabajar desde casaHorario:Horario flexibleLunes a viernesTurno de 8 horasConsideraciones ante el COVID-19:Todos nuestros colaboradores se encuentran en esquema de home office desde el inicio de la pandemia por COVID-19, pues consideramos que quedarse en casa es la mejor manera de prevenir contagios.Experiencia:Infraestructura de nube: 1¬†a√±o (Deseable)Trabajar desde casa:S√≠",20/10/2021
php,Ejecutivo de TI - Php y Python, CEDIMI,"Morelia, Michoac√°n",https://www.computrabajo.com.mx/ofertas-de-trabajo/oferta-de-trabajo-de-ejecutivo-de-ti-php-y-python-en-morelia-A5C4374D53A84FEC61373E686DCF3405,N/A,CompuTrabajo,"Descripci√≥n1.-Ejecuci√≥n del plan de Desarrollo de Sistemas establecido en el per√≠odo.2.-Dise√±o de los elementos funcionales de tales sistemas3.-Documentaci√≥n, implementaci√≥n y validaci√≥n del funcionamiento de los Desarrollos ejecutados4.-Respaldo, protecci√≥n y salvaguarda de la informaci√≥n correspondiente a los desarrollos y su disponibilidad con un enfoque basado en gesti√≥n de riesgos5.-Soporte en la implementaci√≥n al usuario o grupo de usuarios de los sistemasRequerimientosEducaci√≥n m√≠nima: Educaci√≥n superior - Licenciatura3 a√±os de experienciaIdiomas: Ingl√©s Conocimientos: Linux, PostgreSQL, PHP, PythonDisponibilidad de viajar: NoDisponibilidad de cambio de residencia: NoPersonas con discapacidad: S√≠PostularmeDenunciar empleo",N/A
php,Programador orientado a objetos PHP - Base de datos MySql, FUNDACION DEL CONDE AC,"Puebla, Puebla",https://www.computrabajo.com.mx/ofertas-de-trabajo/oferta-de-trabajo-de-programador-orientado-a-objetos-php-base-de-datos-mysql-en-puebla-95A00EFD6626791A61373E686DCF3405,N/A,CompuTrabajo,"Descripci√≥nDesarrollar sistema web en lenguaje PHP, PDO, MYSQL, manejo de Json, Jquery, JavaScript MVC. Trabajo en equipo. Proactivo. horario de Lunes a Viernes de 9:00 am a 7:00 pm, S√°bados de 9:00 am a 2:00 pmRequerimientosEducaci√≥n m√≠nima: Educaci√≥n superior - Licenciatura1 a√±o de experienciaDisponibilidad de viajar: NoDisponibilidad de cambio de residencia: NoPostularmeDenunciar empleo",N/A
java,Java Developer - Remote,Oracle,"M√©xico, M√©xico",https://mx.linkedin.com/jobs/view/java-developer-remote-at-oracle-2783361269?refId=Knnzof%2FLhSZYkCYICfCQFA%3D%3D&trackingId=vQChe52p%2Bun%2BlCiU7UDN5w%3D%3D&position=1&pageNum=0&trk=public_jobs_jserp-result_search-card,N/A,Linkedin,"The Construction and Engineering Global Business Unit (CEGBU) of Oracle is the world‚Äôs leading project and portfolio management software organization. Since 1983, we have provided the software foundation that enables all types of businesses to achieve excellence in managing their portfolios, programs, projects and resources. The development group in the CEGBU is focused on developing enterprise-level solutions for our customers in project- intensive industries worldwide. We leverage agile development methods to facilitate the development of our products; our practices include empowered teams, continuous build and integration, regular reviews, and a heavy emphasis on testing early and often. We offer a highly collaborative and dynamic environment, as well as a great mix of project management and software engineering opportunities.Working as part of a development team, you will be called upon to analyze problems, suggest and assess multiple alternative solutions, and develop high-quality industry leading software. Job Qualifications3+ years of experience in Java (core and EE), object-oriented design, design patternsProficient user of linux operating systemExperience in SOAP Services and REST APIsExperience with development tools such as Eclipse, GIT, jUnit, YourKit, Postman Oracle Database programming including Database design, Oracle SQL and PL/SQLNeed to have concept of micro services ‚Äì benefits, limitations, challengesFamiliarity of CI/CD and development best practices, especially around automation and testingExperience with cloud platforms, cloud technologies/deployments and cloud Native architectureExperience with docker and container management platforms (ECS, Kubernetes, etc) a plusGood english levelOracle is an Affirmative Action-Equal Employment Opportunity Employer. All qualified applicants will receive consideration for employment without regard to race, color, religion, sex, national origin, sexual orientation, gender identity, disability, protected veterans status, age, or any other characteristic protected by law.",05/11/2021
java,Software Architect,IFIT Solutions,"M√©xico, M√©xico",https://mx.linkedin.com/jobs/view/software-architect-at-ifit-solutions-2805612213?refId=Knnzof%2FLhSZYkCYICfCQFA%3D%3D&trackingId=J9rx2P6A36SVG76xpG%2B7aQ%3D%3D&position=2&pageNum=0&trk=public_jobs_jserp-result_search-card,N/A,Linkedin,"SpecsRemoteLong Term projectHigh English Level Job Description:you'll be expected to:Be an experienced team member that transform business problems in viable projects based on agile and scalable architectureDesign solutions aligned with the business needs ‚Äì proposing tech stack, evolutive architecture and development processBe part of the value thread ‚Äì leading tech leaders to connect their results with the strategyHave practical knowledge of agile software development methodologiesDeliver testable, maintainable and high-quality code and take operational responsibility for the deliverables that you leadAssertive communication with team members and stakeholders for technical solutions.You have solid experience with software development being passionate about delivering end-to-end experiences and software architecture across the front-end, back-end, and the APIs that glue them together.You work advocating for quality code, code best-practices and a stable/productive development environment.You are experienced to communicate technical decision to non-technical stakeholdersYou are experienced to work on a mature DevOps environment with continuous integration and continuous deliveryYou are able to work with different technologies and learn every day.Framework server-side (Springboot), Java 8+, Restful APIs, Code versioning with Git, Distributed systems, Containers orchestrator, Design patterns for microservices, Rabbit, SQL, NoSQL, JavaScript Development (ES2015+), TypeScript, ReactJS, CSS, SASS, Micro frontend, Jest and enzyme, Cypress, Pact, Android (native) using Kotlin and Java, MVVM architecture, APIs consuming by Retrofit, Coroutines",19/11/2021
java,Reci√©n Egresado Java,Indra69 evaluaciones,69 evaluaciones,https://mx.indeed.com/rc/clk?jk=8ecd0e91599587a7&fccid=ae4ce2b85e1dacfa&vjs=3,N/A,Indeed,"INDRA SISTEMAS MEXICOUn lugar para ti‚Ä¶ Trae tu talento a una compa√±√≠a global de consultor√≠a y tecnolog√≠a, con presencia en los 5 continentes y m√°s de 43 mil profesionales. Trabajar√°s en un entorno de soluciones y servicios innovadores para nuestros clientes en los principales sectores de actividad, aport√°ndoles valor a√±adido. Participar√°s de la transformaci√≥n de los negocios trabajando con profesionales de referencia.Estamos en busca de un Reci√©n egresados JavaPerfil reci√©n graduado de sistemas computacionales, inform√°tica o carreras afinesConocimientos t√©cnicos indispensables Java , POOConocimientos t√©cnicos deseables. SQL, HTML, JavaScriptTrabajo en equipoInter√©s por crecimiento profesional y b√∫squeda constante de retos (personales y profesionales)Descripci√≥n de actividades a realizar en el puesto. Desarrollo de aplicaciones JAVA entre otrasContrato Nominal, prestaciones de ley y Superiores, Plan de Carrera y Plan de Capacitaci√≥n.Si cumples con el perfil por favor hazme llegar tu CV al correo mencionado o post√∫late por este medio para ponernos en contacto contigo y platicarte al respecto.",N/A
java,"Java Developer (Job Location: Dallas, Texas US) (We will Sponsor Visa)",SinglePoint Inc,M√©xico,https://mx.indeed.com/pagead/clk?mo=r&ad=-6NYlbfkN0CXxNSfAL5V03hRscEZKTBIKOdOPXlSNI6ssTvUln0JNZ2A6FRKvojXmpsY6F5gEtSxf31JV7Gi8EgVNY73JLNM34QxIFK4TXhMpBVaIePMJCqmjw6XACW3GadDtF0ggJ85IbpQ2l6-w2QBpy7NWUrHlmJdbL8zxFQmyLZ8IsKvqJSjA-uF_93UZlHzZ9UUNmg68obE9TqBCf-qpiF6NkU26RKjedlQFceGjO2vqRK6hTuuojToShfxhbDFh0pi4G0qwBk3M80ZkAf1hkhmb936-MzC_JldJ0Wziy5n-L1MP-oOkkzStC1sNVniX4bzPnGuYVeapvVMn1AbFn0xdce7ZjHzig8zJpnCGODVUzSPgP71KIdsw43dfirFtlA_WLI-FIejCyyZJ2NZN-Fk7CWhgNJN5XfOEFwbhPhSwHakm8n82vPQEWgkO_GTQ0wGjdxMTWFopzPZZV2o3MSjs2w0&p=1&fvj=1&vjs=3,"$1,200,000 al a√±o",Indeed,"Job descriptionWe are Looking for 2 to 4 Years Experienced Java Developers (Must Have)Job Location: Dallas, TexasVisa: We will Sponsor Work Visa (TN Visa) (Should Relocate to US)Pay: Depends on ExperienceMust Have Undergrad Engineering Degree in Computer ScienceJob Type: Full-timePay: $1,200,000.00 per yearJob Type: Full-timePay: $1,200,000.00 per year",N/A
java,L√≠der T√©cnico Java, Asteci,"Toluca, Estado de M√©xico",https://www.computrabajo.com.mx/ofertas-de-trabajo/oferta-de-trabajo-de-lider-tecnico-java-en-toluca-5D0066B747441B2761373E686DCF3405,"$ 40.000,00 (Mensual)",CompuTrabajo,"Descripci√≥nAsTecI, Importante empresa mexicana enfocada al mercado de TI se encuentra en b√∫squeda de L√≠der T√©cnico JavaConocimientos en:‚Ä¢	Java‚Ä¢	Linux/ Unix‚Ä¢	Agile SAFe‚Ä¢	DevOps‚Ä¢	Jira‚Ä¢	Confluence ‚Ä¢	Ingl√©s Intermedio- AvanzadoPara participar requieres:‚Ä¢	Ingenier√≠a en Sistemas, Computaci√≥n, Inform√°tica o a fin.‚Ä¢	Experiencia en el sector Bancario‚Ä¢	Disponibilidad para radicar en Toluca o CDMXOfrecemos:‚Ä¢	Salario competitivo de acuerdo con aptitudes, en esquema 100% nomina.‚Ä¢	Apoyo de hospedaje a candidatos for√°neos‚Ä¢	Prestaciones de Ley.‚Ä¢	Excelente ambiente de trabajo y oportunidades de crecimiento y desarrollo.¬°RECUERDA!Si deseas participar, post√∫late por este medio o env√≠anos tu CV al correo de contacto ¬°√âxito!RequerimientosEducaci√≥n m√≠nima: Educaci√≥n superior - LicenciaturaDisponibilidad de viajar: NoDisponibilidad de cambio de residencia: NoPersonas con discapacidad: S√≠PostularmeDenunciar empleo",N/A
java,Desarrollador java, Truper Servicios S.A. de C.V.,"Miguel Hidalgo, Ciudad de M√©xico DF",https://www.computrabajo.com.mx/ofertas-de-trabajo/oferta-de-trabajo-de-desarrollador-java-en-miguel-hidalgo-E4B48D1EDF298F3461373E686DCF3405,"$ 30.000,00 (Mensual)",CompuTrabajo,"Descripci√≥nSomos la empresa m√°s reconocida en Latinoam√©rica en manufactura, distribuci√≥n y comercializaci√≥n de herramientas y productos para todos los segmentos de la industria ferretera. Nuestro cat√°logo est√° en constante crecimiento, y hasta ahora incluye m√°s de 11,000 productos.Por crecimiento estamos solicitando:Desarrollador JavaRequisitos:Ing. en sistemas computacionales o af√≠nExperiencia de 4 a√±os en desarrollo con java 6, 7 y 8Manejo de bases de datos SQL y NoSQLExperiencia con spring framework / spring bootDeseable experiencia trabajando con microservicios. Jenkins, dockersOfrecemos:Contrataci√≥n directa con la empresaEsquema 100% n√≥minaPrestaciones de ley y superioresCrecimiento sostenidoInteresados enviar CV actualizado a la direcci√≥n de correo electr√≥nico mencionado, colocando pretensi√≥n econ√≥mica. RequerimientosEducaci√≥n m√≠nima: Educaci√≥n superior - Licenciatura4 a√±os de experienciaDisponibilidad de viajar: NoDisponibilidad de cambio de residencia: NoPostularmePara ver datos de contacto env√≠a tu cvDenunciar empleo",19/11/2021
java,Junior Java Developer,Resource Logistics Inc.,"Dallas, TX",https://www.linkedin.com/jobs/view/junior-java-developer-at-resource-logistics-inc-2804587568?refId=4zjN4iQZIhoECGgk%2F85VFA%3D%3D&trackingId=GjtrWxNAnL4dvO1OHHlHSA%3D%3D&position=1&pageNum=0&trk=public_jobs_jserp-result_search-card,N/A,Linkedin,Weekend Drive: 20th Nov 2021Experience: 1-4 Years50+ openingsFulltime position for Independent consultants.,18/11/2021
java,Junior Java Developer,"Veridian Tech Solutions, Inc.","Atlanta, GA",https://www.linkedin.com/jobs/view/junior-java-developer-at-veridian-tech-solutions-inc-2800151579?refId=4zjN4iQZIhoECGgk%2F85VFA%3D%3D&trackingId=NRbeiOXdDoibxQq0ze7dcg%3D%3D&position=2&pageNum=0&trk=public_jobs_jserp-result_search-card,"$49,000.00/yr - $82,000.00/yr",Linkedin,"Hi,Hope you are doing great.This is Ashwani from VeridianPlease go through the job description and let me know if you are interested in the same.Please reply with your updated resume and expected rate/compensation. Feel free to contact me on¬†832-391-5796 for more information.¬†Role: Java DeveloperJob Location: Atlanta, GADuration: Full Time Role (Initially Remote)¬†Job Description:‚Ä¢ Experience in Java/J2EE technologies‚Ä¢ Experience in Restful Webservices, Spring Framework, Springboot/Microservices‚Ä¢ Experience in JavaScript, CSS, HTML, Angular 4/above‚Ä¢ Experience in Software development life cycle. ‚Ä¢ Experience in Project life cycle activities on development and maintenance projects.‚Ä¢ Ability to work in team in diverse/ multiple stakeholder environment‚Ä¢ Analytical skills ‚Ä¢ Experience and desire to work in a Global delivery environment.Regards,Ashwani KumarDirect: 832-391-5796Email :¬†A.kumar@veridiants.comwww.veridiants.com2323 S Voss Road STE 315H, Houston, TX 77057",19/11/2021
java,Reci√©n Egresado Java,Indra69 evaluaciones,69 evaluaciones,https://mx.indeed.com/rc/clk?jk=8ecd0e91599587a7&fccid=ae4ce2b85e1dacfa&vjs=3,N/A,Indeed,"INDRA SISTEMAS MEXICOUn lugar para ti‚Ä¶ Trae tu talento a una compa√±√≠a global de consultor√≠a y tecnolog√≠a, con presencia en los 5 continentes y m√°s de 43 mil profesionales. Trabajar√°s en un entorno de soluciones y servicios innovadores para nuestros clientes en los principales sectores de actividad, aport√°ndoles valor a√±adido. Participar√°s de la transformaci√≥n de los negocios trabajando con profesionales de referencia.Estamos en busca de un Reci√©n egresados JavaPerfil reci√©n graduado de sistemas computacionales, inform√°tica o carreras afinesConocimientos t√©cnicos indispensables Java , POOConocimientos t√©cnicos deseables. SQL, HTML, JavaScriptTrabajo en equipoInter√©s por crecimiento profesional y b√∫squeda constante de retos (personales y profesionales)Descripci√≥n de actividades a realizar en el puesto. Desarrollo de aplicaciones JAVA entre otrasContrato Nominal, prestaciones de ley y Superiores, Plan de Carrera y Plan de Capacitaci√≥n.Si cumples con el perfil por favor hazme llegar tu CV al correo mencionado o post√∫late por este medio para ponernos en contacto contigo y platicarte al respecto.",N/A
java,Ing. Tecnologias - Recien egresados - Programadores Java Trainee,MTP M√©todos y Tecnolog√≠a,"Tula, Hgo.",https://mx.indeed.com/company/MTP-M%C3%A9todos-y-Tecnolog%C3%ADa/jobs/Ingeniero-tecnologias-9610fb70b4ba9873?fccid=10c9c5d8136e068f&vjs=3,N/A,Indeed,"Somos una empresa l√≠der en Tecnolog√≠as de la Informaci√≥n con m√°s de 15 a√±os en el mercado, con presencia a nivel internacional en Espa√±a, Brasil y M√©xico.En este momento estamos en b√∫squeda de: Ingenieros en Tecnolog√≠as de la Informaci√≥n - RECIEN EGRESADOSREQUISITOS:Reci√©n egresados de Ing. Tecnolog√≠as de la informaci√≥n o carreras afinesGusto por la programaci√≥nEXPERIENCIA: No necesariaCONOCIMIENTOS:Java (b√°sico)JavascriptSQL o Mysql para consultas.Git o Github para control de versionesMetodolog√≠as agilesACTIVIDADES:Desarrollo en Java para el sector financieroDesarrollo de servicios REST /SOAPOFRECEMOS:Contrataci√≥n 100% N√≥mina.Prestaciones de Ley y superiores Seguro de vida, seguro de gastos m√©dicos mayores.Plan de carrera con cursos y certificaciones otorgadas por MTP.Env√≠anos tu CV con el asunto: Desarrollador Trainee""Los datos personales recopilados a trav√©s de Curr√≠cula, ser√°n utilizados bajo los fines establecidos en nuestro Aviso de Privacidad, mismo que se puede consultar en nuestra p√°gina de internet"".Tipo de puesto: Tiempo completo, Por contrato, IndefinidoBeneficios:Seguro de gastos m√©dicos mayoresSeguro de vidaHorario:Turno de 8 horasTrabajar desde casa:No",30/10/2021
java,L√≠der T√©cnico Java, Asteci,"Toluca, Estado de M√©xico",https://www.computrabajo.com.mx/ofertas-de-trabajo/oferta-de-trabajo-de-lider-tecnico-java-en-toluca-5D0066B747441B2761373E686DCF3405,"$ 40.000,00 (Mensual)",CompuTrabajo,"Descripci√≥nAsTecI, Importante empresa mexicana enfocada al mercado de TI se encuentra en b√∫squeda de L√≠der T√©cnico JavaConocimientos en:‚Ä¢	Java‚Ä¢	Linux/ Unix‚Ä¢	Agile SAFe‚Ä¢	DevOps‚Ä¢	Jira‚Ä¢	Confluence ‚Ä¢	Ingl√©s Intermedio- AvanzadoPara participar requieres:‚Ä¢	Ingenier√≠a en Sistemas, Computaci√≥n, Inform√°tica o a fin.‚Ä¢	Experiencia en el sector Bancario‚Ä¢	Disponibilidad para radicar en Toluca o CDMXOfrecemos:‚Ä¢	Salario competitivo de acuerdo con aptitudes, en esquema 100% nomina.‚Ä¢	Apoyo de hospedaje a candidatos for√°neos‚Ä¢	Prestaciones de Ley.‚Ä¢	Excelente ambiente de trabajo y oportunidades de crecimiento y desarrollo.¬°RECUERDA!Si deseas participar, post√∫late por este medio o env√≠anos tu CV al correo de contacto ¬°√âxito!RequerimientosEducaci√≥n m√≠nima: Educaci√≥n superior - LicenciaturaDisponibilidad de viajar: NoDisponibilidad de cambio de residencia: NoPersonas con discapacidad: S√≠PostularmeDenunciar empleo",N/A
java,Desarrollador java, Truper Servicios S.A. de C.V.,"Miguel Hidalgo, Ciudad de M√©xico DF",https://www.computrabajo.com.mx/ofertas-de-trabajo/oferta-de-trabajo-de-desarrollador-java-en-miguel-hidalgo-E4B48D1EDF298F3461373E686DCF3405,"$ 30.000,00 (Mensual)",CompuTrabajo,"Descripci√≥nSomos la empresa m√°s reconocida en Latinoam√©rica en manufactura, distribuci√≥n y comercializaci√≥n de herramientas y productos para todos los segmentos de la industria ferretera. Nuestro cat√°logo est√° en constante crecimiento, y hasta ahora incluye m√°s de 11,000 productos.Por crecimiento estamos solicitando:Desarrollador JavaRequisitos:Ing. en sistemas computacionales o af√≠nExperiencia de 4 a√±os en desarrollo con java 6, 7 y 8Manejo de bases de datos SQL y NoSQLExperiencia con spring framework / spring bootDeseable experiencia trabajando con microservicios. Jenkins, dockersOfrecemos:Contrataci√≥n directa con la empresaEsquema 100% n√≥minaPrestaciones de ley y superioresCrecimiento sostenidoInteresados enviar CV actualizado a la direcci√≥n de correo electr√≥nico mencionado, colocando pretensi√≥n econ√≥mica. RequerimientosEducaci√≥n m√≠nima: Educaci√≥n superior - Licenciatura4 a√±os de experienciaDisponibilidad de viajar: NoDisponibilidad de cambio de residencia: NoPostularmePara ver datos de contacto env√≠a tu cvDenunciar empleo",19/11/2021
